Group.1	x
Abbottina_rivularis	6.80838672835321
Abramis_brama	3.34539350111149
Abrothrix_longipilis	4.40109878953092
Abrothrix_olivaceus	3.96625908377286
Abudefduf_sparoides	0
Acanthocybium_solandri	1.08824202855645
Acanthopagrus_berda	19.0167059275523
Acanthorhodeus_chankaensis	1.55816011634584
Acanthosaura_lepidogaster	6.4945508989489
Acanthurus_nigricans	10.889382704852
Acanthurus_triostegus	2.25761289973049
Acentrogobius_janthinopterus	4.38493897336295
Acheilognathus_macropterus	4.89524808890313
Acheilognathus_rhombeus	4.09908913345692
Acheilognathus_tabira	2.35357373728864
Acipenser_gueldenstaedtii	14.8010344583566
Acipenser_schrenckii	5.42923260482827
Acipenser_stellatus	9.50704224899923
Acomys_cahirinus	10.4787197822787
Acomys_dimidiatus	3.27008445959446
Acritillas_indica	5.86006661520648
Acrocephalus_brevipennis	11.4524652038804
Acrossocheilus_yunnanensis	2.73887319684026
Adelomyia_melanogenys	2.3017718551558
Aegithalos_caudatus	5.65508754419966
Aegithalos_concinnus	1.8136727041818
Aethopyga_pulcherrima	3.39361170729539
Agelaius_phoeniceus	8.53225251360379
Agkistrodon_contortrix	9.73776685608505
Agkistrodon_piscivorus	5.89071677381233
Agonostomus_monticola	2.28972469333037
Ailuropoda_melanoleuca	9.51691800977491
Akodon_montensis	4.7012923490206
Akodon_spegazzinii	2.70414548113704
Alauda_arvensis	3.1665470392414
Alectoris_chukar	3.05783935016644
Alectoris_rufa	11.4942059420755
Alethe_poliocephala	3.16815901910984
Alophoixus_pallidus	7.95042842700215
Alosa_alosa	3.38771055866424
Alosa_fallax	3.88711387003046
Alosa_sapidissima	0.773183210761174
Alouatta_belzebul	2.91563583894877
Alouatta_caraya	6.00660509539576
Alouatta_guariba	7.69830594454759
Alouatta_seniculus	19.6913477657095
Alticus_arnoldorum	20.1646001403273
Amatitlania_nigrofasciata	4.1315377053153
Amazona_ochrocephala	13.6900301923592
Amblysomus_hottentotus	3.83533879489841
Ambystoma_barbouri	0.627856089298688
Amolops_mantzorum	1.96586751821427
Amyda_cartilaginea	4.1715522423283
Anabas_testudineus	8.57293551313763
Anaecypris_hispanica	6.07633024365885
Anarhichas_lupus	7.85591180850036
Anas_crecca	1.96262223915584
Anas_platyrhynchos	14.0986916799115
Anas_poecilorhyncha	16.3687717373059
Andinoacara_coeruleopunctatus	2.25540876624856
Andrias_davidianus	11.6635815698109
Anguilla_anguilla	4.66393328876995
Anguilla_australis_australis	6.03036926988262
Anguilla_australis_schmidti	5.83359787759928
Anguilla_bicolor_bicolor	7.5216882662956
Anguilla_bicolor_pacifica	8.20229182577495
Anguilla_celebesensis	2.6523277686167
Anguilla_japonica	1.52572803809372
Anguilla_luzonensis	0.407575852949581
Anguilla_marmorata	2.83748631493326
Anguilla_rostrata	3.18636060001694
Anguis_cephallonica	14.4587967837273
Anguis_fragilis	0
Anniella_pulchra	8.37147752140948
Anodorhynchus_hyacinthinus	20.774551508467
Anolis_allisoni	6.70648755109657
Anolis_allogus	4.79752304811652
Anolis_carolinensis	9.29710930310632
Anolis_homolechis	2.3230135385105
Anolis_jubar	5.00813735158232
Anolis_porcatus	5.58098132472655
Anolis_sagrei	4.2755556082224
Anourosorex_squamipes	1.57844882604017
Anser_anser	13.3319650828641
Anser_cygnoides	12.9585159553975
Ansonia_muelleri	4.61133088201411
Aotus_nancymaae	0
Aphanius_anatoliae	8.15867073618057
Aphanius_iberus	33.8186418941119
Apodemus_agrarius	6.32798116582774
Apodemus_argenteus	0.946490122210333
Apodemus_chejuensis	3.77588105754789
Apodemus_chevrieri	3.54746152056251
Apodemus_draco	3.42446202060924
Apodemus_flavicollis	5.42236485141901
Apodemus_ilex	2.68300601285136
Apodemus_latronum	3.98318628699107
Apodemus_peninsulae	9.31787742293147
Apodemus_speciosus	3.67550899327398
Apodemus_sylvaticus	1.93919930205805
Apteronotus_albifrons	4.71261318135049
Apteryx_australis	7.94814658577269
Arapaima_gigas	7.82000403643323
Arctocephalus_forsteri	6.85134259068228
Arremon_aurantiirostris	2.10524505086754
Artamus_personatus	7.35757737711797
Artamus_superciliosus	3.52753450623956
Artibeus_cinereus	6.34209430710115
Artibeus_fimbriatus	0.781248548733853
Artibeus_glaucus	0.941614055871738
Artibeus_intermedius	3.63090212379008
Artibeus_jamaicensis	1.40886433146922
Artibeus_lituratus	0.735009078928485
Artibeus_obscurus	1.97788032608135
Artibeus_phaeotis	4.44666693134776
Artibeus_planirostris	2.37360958033592
Aspidomorphus_lineaticollis	5.58440113841007
Astyanax_aeneus	8.16164525135394
Ateles_belzebuth	10.2570263477678
Atherinomorus_endrachtensis	5.17073831428388
Automolus_rubiginosus	3.55745190418397
Auxis_rochei	3.59007109731516
Auxis_thazard	1.40600652107344
Avahi_laniger	7.70159328069208
Balaena_mysticetus	7.60152320633162
Balaenoptera_physalus	6.58147560717387
Bambusicola_thoracicus	11.5984427446443
Bandicota_indica	4.01315221057455
Barbatula_barbatula	7.63797466537271
Barbatula_vardarensis	15.1645223453105
Barbus_barbus	8.55855809776091
Barbus_plebejus	9.04999668781929
Barbus_rebeli	1.59612716142059
Barisia_imbricata	5.67356082200519
Basileuterus_tristriatus	1.88253039206146
Bathygobius_geminatus	1.10212317546462
Bathygobius_soporator	2.05338048717045
Bison_bison	15.7223177618488
Bison_bonasus	7.98136018812045
Bison_priscus	4.6123001971474
Biwia_zezera	1.16616786777546
Blarina_brevicauda	3.13508537423584
Blarinella_griselda	0.381544231548435
Boa_constrictor	6.01305990331765
Boleophthalmus_pectinirostris	3.86347122447927
Bombina_bombina	4.5610548871156
Bombina_maxima	9.14801280531874
Bombina_variegata	3.17042177679463
Boops_boops	1.40119685624673
Bos_frontalis	7.13161685277459
Bos_grunniens	7.22016996757393
Bos_indicus	7.20708583704558
Bos_taurus	7.45968758553739
Brachyhypopomus_occidentalis	10.0155136675254
Brachymeles_bonitae	4.61388233724701
Brachymeles_boulengeri	2.21692286861278
Brachymeles_gracilis	2.5821616021802
Brachymeles_schadenbergi	4.28182811898666
Brachymystax_lenok	14.3065321943609
Brachyphylla_cavernarum	17.8553964833081
Branchiostoma_belcheri	4.81812166863114
Branchiostoma_floridae	3.74978121409736
Branchiostoma_lanceolatum	6.62207682583315
Brienomyrus_sp	2.57517239000204
Bronchocela_cristatella	4.95309531018832
Brotogeris_cyanoptera	4.37112032024926
Bubalus_bubalis	3.95502788872512
Buergeria_buergeri	4.72266324628816
Bungarus_candidus	4.1963250746965
Cacajao_calvus	4.90795885925015
Caiman_crocodilus	17.7096125264013
Calliope_calliope	5.30892451606374
Callisaurus_draconoides	3.26171592713982
Callosciurus_erythraeus	4.97469438181559
Calomys_callosus	8.05698148508786
Calomys_expulsus	2.81765189159718
Calotes_versicolor	6.81598092196651
Camelus_bactrianus	13.302353967906
Camelus_dromedarius	10.1561870734794
Campethera_caroli	9.97778935599506
Campethera_nivosa	0.642114702603778
Campostoma_anomalum	1.64685685976029
Campostoma_oligolepis	4.11308753657766
Campostoma_ornatum	3.62640516267328
Campylomormyrus_compressirostris	7.53303262891823
Campylomormyrus_numenius	10.1353415324245
Candidia_barbatus	3.75705939934468
Canis_aureus	4.66263577577597
Canis_latrans	8.13404541079403
Canis_lupus	3.2754433922711
Canis_lupus_familiaris	3.77306638156416
Capra_aegagrus	3.45011273220316
Capra_hircus	5.72104785889615
Capra_sibirica	3.7118951970904
Capreolus_capreolus	3.9777127424562
Capreolus_pygargus	7.00170066372988
Carasobarbus_fritschii	4.68945015976421
Carassius_auratus	4.52863502317723
Carassius_auratus_auratus	5.14222605499488
Carassius_gibelio	4.72379110848793
Carcharhinus_obscurus	10.9023077174092
Cardinalis_cardinalis	4.67758913009934
Carollia_brevicauda	5.32797412314868
Carollia_castanea	4.18968007261436
Carollia_perspicillata	5.37706159408993
Carollia_sowelli	6.38008109679362
Carpiodes_carpio	2.51428754144541
Carpiodes_cyprinus	3.71840374702616
Carpodacus_erythrinus	0.562432912833936
Catharus_frantzii	1.57860975353552
Catharus_guttatus	4.21171426654134
Catharus_minimus	10.3959974794664
Catharus_ustulatus	1.66209752186089
Cathorops_mapale	4.36294112401512
Cathorops_wayuu	9.38703097545492
Catopuma_temminckii	4.45077217089908
Cavia_aperea	4.48818877228128
Cavia_porcellus	22.30657510646
Cebus_capucinus	6.25165589083162
Centromochlus_existimatus	9.21247562046452
Cercococcyx_montanus	10.6761251567807
Cercopithecus_albogularis	8.93934118819958
Certhia_americana	5.83084133484265
Certhia_familiaris	3.94760078240313
Cervus_elaphus	4.897382823793
Ceyx_lepidus	5.93662210314232
Chaenocephalus_aceratus	9.9145099670995
Chaenodraco_wilsoni	8.50906538762035
Chaenogobius_annularis	5.75528814598988
Chaetodipus_intermedius	5.44757354198513
Chamaeleo_chamaeleon	7.58550123164814
Channa_marulius	15.558351944908
Channa_striata	9.72736134170152
Cheirogaleus_crossleyi	4.53945687850057
Cheirogaleus_major	3.67484633723035
Cheirogaleus_medius	4.35571897842309
Chilabothrus_inornatus	17.0950055789771
Chilabothrus_monensis	7.01907295534072
Chimarrogale_himalayica	2.28348390760097
Chionodraco_rastrospinosus	7.29553803678884
Chionomys_roberti	3.44501811913684
Chlamydosaurus_kingii	5.39418722463799
Chlamydotis_undulata	13.4333091399662
Chlorocebus_aethiops	7.93199170938587
Chlorocebus_pygerythrus	9.57234862086293
Chlorocebus_sabaeus	5.63544213883044
Chlorocebus_tantalus	7.23308615841209
Chlorocharis_emiliae	8.789439356268
Chlorophanes_spiza	0
Cichla_monoculus	6.35293620749891
Cichla_orinocensis	8.57769601682461
Cichla_pinima	4.88260232346919
Cinclodes_fuscus	3.629984588827
Cirrhinus_mrigala	2.14471413111207
Cirrhitichthys_oxycephalus	6.2902766583153
Clangula_hyemalis	5.52558757559371
Clupea_harengus	3.17678989204572
Clupea_pallasii	3.9402671181489
Cnemaspis_peninsularis	9.16712127823496
Cnemotriccus_fuscatus	4.287785903094
Cobitis_biwae	4.6530122243522
Cobitis_elongatoides	9.24241232435227
Cobitis_lutheri	1.81368452596556
Cobitis_melanoleuca_granoei	4.11056455415834
Cobitis_paludica	9.91932262691517
Cobitis_striata	4.11464049275672
Cobitis_taenia	7.89333637438145
Codoma_ornata	1.47537363234087
Coeligena_coeligena	5.3649520642248
Coeligena_torquata	6.70171730969798
Coereba_flaveola	14.4189304209887
Coilia_dussumieri	7.96699943916453
Colobus_angolensis	9.12598433052536
Colobus_guereza	11.6541217721437
Colomesus_asellus	16.9475871682036
Coluber_constrictor	4.37835648927024
Columbina_passerina	11.217236373046
Comephorus_baicalensis	1.34043115676392
Comephorus_dybowskii	1.22116648904411
Conolophus_subcristatus	6.46337053672439
Contia_tenuis	4.93624947712981
Copsychus_saularis	5.51181864249807
Corallus_hortulanus	7.70959042662103
Coregonus_albula	8.41023936918084
Coregonus_lavaretus	5.45465857905977
Coregonus_muksun	2.61220479255703
Coregonus_ussuriensis	6.52690496487301
Coreoleuciscus_splendidus	1.07658390297971
Corvus_corax	2.4862813044331
Corvus_corone	5.32708217219281
Corvus_macrorhynchos	3.71052315287099
Corydoras_sp	3.01055334212352
Coryphaena_hippurus	8.25592148303359
Cottus_asperrimus	10.5727238877745
Cottus_carolinae	2.93751581859821
Cricetus_cricetus	3.19022657500382
Crinia_georgiana	3.41733929083377
Crocidura_beatus	4.80397369511656
Crocidura_dsinezumi	4.7546853346986
Crocidura_grayi	4.61217621833192
Crocidura_monticola	8.42646636784887
Crocidura_olivieri	0.919309421427849
Crocidura_palawanensis	6.71654137334235
Crocidura_paradoxura	3.36404903790658
Crocidura_russula	7.82377726758071
Crocidura_shantungensis	4.12412837898481
Crocidura_sibirica	0.0949597868105818
Crocidura_tanakae	9.87833234538218
Crocodylus_acutus	6.84332544995121
Crocodylus_niloticus	7.70204603111166
Crotalus_aquilus	11.5910289281685
Crotalus_cerberus	5.27140515626113
Crotalus_lepidus	7.37337449536709
Crotalus_oreganus	12.8781905289874
Crotalus_pricei	7.37021693836106
Crotalus_ravus	7.54004848536941
Crotalus_triseriatus	8.04025649520957
Crotaphytus_bicinctores	3.54559658859247
Crotaphytus_collaris	4.0312442079872
Crotaphytus_nebrius	6.27938413784877
Crotaphytus_vestigium	7.49074073115239
Cryodraco_antarcticus	12.5824066869928
Cryptomys_hottentotus	8.02673986371296
Crystallaria_asprella	2.36632991866299
Ctenomys_pearsoni	9.08746883404561
Ctenomys_rionegrensis	14.6939270078807
Ctenomys_sp	3.01490051508147
Ctenomys_torquatus	13.8673007246753
Ctenopharyngodon_idella	21.1394654924549
Ctenotus_atlas	3.62610815423791
Ctenotus_dux	4.11431041165733
Ctenotus_inornatus	2.39246820996387
Ctenotus_leonhardii	1.88570788457888
Ctenotus_pantherinus	2.18193690863292
Ctenotus_piankai	1.17784628781109
Ctenotus_quattuordecimlineatus	1.86479584868849
Culaea_inconstans	2.12431189052601
Culter_alburnus	10.2249268567381
Cuora_trifasciata	5.06142698020734
Cyanopica_cyanus	4.35911751266568
Cyclarhis_gujanensis	5.90894732892651
Cynomys_ludovicianus	15.794860790659
Cynomys_mexicanus	10.6007744348112
Cynops_ensicauda	9.15856019721069
Cynops_pyrrhogaster	4.32615048169188
Cynopterus_brachyotis	3.78965967859268
Cynopterus_sp	3.80456978917336
Cynopterus_sphinx	4.51141099022299
Cyprinella_caerulea	9.42208874767248
Cyprinella_lepida	7.85053483494469
Cyprinella_lutrensis	3.65201726868299
Cyprinella_venusta	2.18675207657539
Cyprinodon_variegatus	8.0697494766066
Cyprinus_carpio	5.00822878864229
Danio_rerio	1.65873518905336
Dasypus_novemcinctus	5.05766162327386
Deinagkistrodon_acutus	6.80663102360125
Delphinus_delphis	1.28433433676923
Deltamys_kempi	4.58442105680747
Dendrocopos_major	13.8262920882423
Dendropsophus_reticulatus	6.30639966070827
Desmodus_rotundus	11.1556780206996
Desmognathus_fuscus	5.34783938129934
Diadophis_punctatus	4.59586323384073
Dicamptodon_tenebrosus	2.53799445675525
Dicrurus_forficatus	3.95683340871765
Diodon_holocanthus	5.59621677803346
Diplodus_vulgaris	1.7080572556247
Diplomystes_nahuelbutaensis	0.448423577106729
Dipodillus_campestris	5.99533399370311
Diptychus_maculatus	4.07744375531551
Dolloidraco_longedorsalis	5.1394178720583
Doryrhamphus_excisus	1.73892300630327
Drymarchon_couperi	11.3158589993325
Dryomys_nitedula	1.48408940574838
Echinotriton_andersoni	5.64340849869162
Ectopistes_migratorius	6.94745554625413
Eidolon_dupreanum	5.41557918789851
Eidolon_helvum	1.62845958344512
Elaphe_quadrivirgata	6.24563549541621
Elassoma_zonatum	3.76818399655316
Elephas_maximus	4.20004479072861
Eleutheronema_tetradactylum	6.8450720299086
Elgaria_multicarinata	4.76528875132494
Elopichthys_bambusa	33.2510095445708
Empidonax_difficilis	22.5827084830237
Empidonax_traillii	4.6345972195511
Engraulis_encrasicolus	0.936342885553286
Eopsaltria_australis	5.23286155264062
Eopsaltria_griseogularis	10.8347295206619
Eospalax_baileyi	3.69277891168153
Eospalax_cansus	2.00023271578635
Eothenomys_chinensis	1.80685996133961
Eothenomys_custos	1.09016580879864
Eothenomys_melanogaster	3.88002443019086
Eothenomys_miletus	1.73971524840842
Eozapus_setchuanus	1.8596369239113
Epinephelus_coioides	10.5530489380843
Epinephelus_fuscoguttatus	8.39532978614574
Epinephelus_lanceolatus	8.89932156524045
Epinephelus_marginatus	15.6297626780793
Epomophorus_gambianus	1.51755763888361
Epomops_buettikoferi	11.1130829066731
Epomops_franqueti	6.90377082701193
Equus_asinus	7.43550689402821
Equus_caballus	6.55754981801176
Equus_przewalskii	7.57379444775792
Eremias_argus	4.00575790222242
Eremias_brenchleyi	5.11974077240731
Eremias_persica	4.54688151612345
Eremias_velox	7.59178039579999
Eremophila_alpestris	3.85211871104364
Eschrichtius_robustus	12.1355051237938
Esox_lucius	10.6314610779919
Esox_reichertii	0
Etheostoma_caeruleum	1.96622102172
Etheostoma_crossopterum	3.48373605039791
Etheostoma_fragi	4.04039048605467
Etheostoma_kantuckeense	2.59523943661424
Etheostoma_lawrencei	1.09547533762122
Etheostoma_nigripinne	3.72375187345821
Etheostoma_olmstedi	7.22138650698264
Etheostoma_spectabile	1.05985068725724
Etheostoma_tetrazonum	1.77836360737282
Etheostoma_uniporum	4.35080652139793
Euchiloglanis_kishinouyei	28.5146045475381
Euchoreutes_naso	0.592610892765304
Eulemur_rubriventer	7.9528076564616
Eulemur_rufus	5.9055896176632
Eumetopias_jubatus	21.313556715761
Eumyias_panayensis	7.36784776745568
Eurycea_bislineata	8.64955554292677
Eurycea_chamberlaini	9.13388753686741
Eurycea_multiplicata	2.98098736202204
Eurycea_quadridigitata	10.8382727920837
Eurycea_tynerensis	4.16097411464689
Eurycea_wilderae	6.73308858230897
Eutropis_multicarinata	5.45064068007121
Eutropis_multifasciata	3.48967009964644
Exocoetus_monocirrhus	0.726901650687522
Exocoetus_volitans	0.72051531778792
Falco_peregrinus	29.0176246857984
Falco_tinnunculus	21.8244946288526
Felis_catus	21.0106551741825
Felis_silvestris	4.11081993848801
Ficedula_hyperythra	5.4516856659371
Forcipiger_flavissimus	9.62543649803881
Forpus_passerinus	3.97912463617556
Fringilla_coelebs	3.73747728950928
Fundulus_heteroclitus	5.83241997310118
Fundulus_notatus	5.40064051880962
Fundulus_olivaceus	4.23829572492876
Gadus_chalcogrammus	5.66348562637707
Gadus_morhua	2.64049785510235
Galaxias_truttaceus	0
Galea_musteloides	2.99167758662567
Galemys_pyrenaicus	3.68727377646224
Gallotia_galloti	0.46914585413328
Gallus_gallus	12.6094993018495
Gambelia_sila	18.0134870859008
Gambelia_wislizenii	5.56625653072485
Garra_orientalis	10.8658669825384
Garrulax_canorus	5.19793199290596
Garrulax_chinensis	2.96277549350635
Garrulus_glandarius	6.17440412039156
Gazella_dorcas	4.77456422403941
Gazella_gazella	5.62618059908726
Gazella_subgutturosa	16.1348422218202
Gekko_gecko	9.79846162457097
Gekko_swinhonis	3.71511054777706
Genetta_genetta	3.94110096504937
Genetta_maculata	6.33261909571789
Gerbilliscus_leucogaster	8.91776876195352
Gerbillus_gerbillus	1.45081454782181
Gerbillus_henleyi	4.7687531153805
Gerbillus_nancillus	2.99230073798056
Gerbillus_nanus	3.35388383154393
Gerbillus_pyramidum	10.4759897119436
Gerbillus_tarabuli	2.72571459610923
Gerrhonotus_infernalis	8.36891323854799
Gila_conspersa	0
Gila_nigrescens	11.2530351966115
Giraffa_camelopardalis	6.24861600698535
Girardinus_metallicus	6.07311951420219
Glaucomys_sabrinus	2.30382790412459
Glirulus_japonicus	1.42727997941567
Gloydius_brevicaudus	2.20780475124142
Gloydius_ussuriensis	22.9519147413728
Glyptothorax_zanaensis	7.91334777924038
Gobio_gobio	10.5447706067613
Gobiobotia_brevibarba	0.317227192886615
Gobiobotia_macrocephala	2.84198073109964
Gobiobotia_naktongensis	1.59061241656911
Gobiomorphus_australis	3.43651271728998
Gorilla_gorilla	2.72355810083104
Gorilla_gorilla_gorilla	24.5714176700815
Gracilinanus_agilis	7.05436814103267
Graomys_griseoflavus	2.71372350584448
Gulo_gulo	13.1367219124423
Gymnocypris_eckloni	5.81559765790839
Gymnocypris_przewalskii	4.89363416652695
Gymnocypris_waddellii	5.87254119638306
Gymnodiptychus_dybowskii	2.69069049883266
Gymnodiptychus_pachycheilus	8.49503680185169
Handleyomys_alfaroi	3.91537396518583
Handleyomys_chapmani	3.02743451974331
Handleyomys_rostratus	1.50196693494324
Hapalemur_griseus	9.23272103855415
Hatcheria_macraei	3.15042291097621
Helicolenus_dactylopterus	3.98600629145812
Hemibagrus_guttatus	5.61809606167589
Hemibagrus_macropterus	6.72088796605993
Hemiculter_leucisculus	0.395966988998105
Hemidactylus_alkiyumii	3.0266855517004
Hemidactylus_frenatus	12.8392953965209
Hemiechinus_auritus	1.28095268120981
Hemiphyllodactylus_yunnanensis	7.10712441032536
Henicorhina_leucophrys	3.11265611762101
Henicorhina_leucosticta	4.75551412612299
Herpestes_javanicus	6.2009035099526
Herzensteinia_microcephalus	0.343481234549941
Heterandria_formosa	7.44496608080901
Heteronotia_binoei	12.3520845147668
Heteropneustes_fossilis	9.80493922181706
Hexagrammos_otakii	1.98342327838375
Hierophis_gemonensis	2.04656144978081
Hippocampus_kuda	7.44634488053412
Hipposideros_armiger	6.06721285145474
Hipposideros_caffer	1.58942209409017
Hipposideros_pratti	2.15372730484314
Hipposideros_ruber	1.55382590817168
Hirundo_rustica	0.78686742772575
Holochilus_chacarius	2.04261843208495
Homatula_potanini	6.09638244587228
Hoplobatrachus_rugulosus	3.67190616225662
Hoplobatrachus_tigerinus	3.97998467487127
Huso_huso	0
Hydropotes_inermis	5.03899012144166
Hyla_meridionalis	11.5335118508385
Hylaeamys_megacephalus	2.36931913512786
Hylobates_agilis	10.3816192475872
Hylobates_lar	13.9494075809083
Hylophilus_ochraceiceps	4.73904140604561
Hynobius_nebulosus	4.42190711532562
Hynobius_tokyoensis	5.33912672824643
Hypentelium_nigricans	4.20838112962089
Hypomesus_olidus	1.63032551873639
Hypostomus_ancistroides	5.18350009299887
Hypseleotris_galii	5.35838026283183
Hypseleotris_klunzingeri	3.54796840259561
Hypsignathus_monstrosus	3.3607740023435
Ichthyophis_bannanicus	12.107998603027
Icterus_cayanensis	4.35260149196744
Ictidomys_parvidens	5.69331388952689
Ictidomys_tridecemlineatus	0.534383239729324
Ictiobus_bubalus	4.77580317134632
Imantodes_cenchoa	3.86397314472626
Indotestudo_forstenii	0
Indri_indri	10.9928208164352
Inia_boliviensis	10.157460425245
Inia_geoffrensis	10.8231748453835
Iole_propinqua	6.02821019220727
Iridosornis_analis	10.1090846552457
Jaculus_jaculus	2.82572042350135
Katsuwonus_pelamis	0.398109221703026
Kinyongia_fischeri	14.317733020545
Koreocobitis_rotundicaudata	8.4469751229829
Kryptolebias_marmoratus	11.2337113149503
Kuhlia_rupestris	5.10642127205836
Labeo_calbasu	2.40411665647859
Labeo_gonius	1.39689379498061
Labeo_rohita	8.69319484805922
Labeobarbus_intermedius	7.47248692082488
Lacerta_bilineata	6.48695415140348
Lacerta_viridis_viridis	6.07124127815761
Ladislavia_taczanowskii	4.78589669948126
Lagothrix_lagotricha	1.17480075006891
Lama_guanicoe	6.43705820141452
Lampetra_aepyptera	6.73563277871744
Lampetra_fluviatilis	10.4463969481548
Lampetra_planeri	14.9928886723194
Lampetra_sp	3.94379081183145
Lampetra_tridentata	0
Lampris_guttatus	3.54050314300552
Lamprologus_tigripictilis	0.749784135930254
Lampropeltis_alterna	12.6190236556167
Lampropeltis_getula	2.64882593174014
Lampropeltis_triangulum	4.3384232694994
Lanius_collaris	7.58332508882737
Laonastes_aenigmamus	5.74772453159667
Larimichthys_crocea	9.47825450988754
Larimichthys_polyactis	1.48089207189469
Larus_argentatus	6.03294772803673
Larus_canus	15.4300761211548
Larus_dominicanus	10.140639223842
Larus_novaehollandiae	5.5421839133047
Lasiurus_blossevillii	3.17455151635405
Lasiurus_borealis	2.33567022021355
Lateolabrax_japonicus	2.18964206920062
Leiolepis_reevesii	2.580190890809
Lemur_catta	10.1193952489229
Leopardus_tigrinus	7.4973291349402
Leopoldamys_edwardsi	3.24286903263048
Lepidonotothen_larseni	7.04914340736349
Lepidonotothen_squamifrons	20.4978029539376
Lepidophyma_flavimaculatum	9.23828997989502
Lepilemur_ankaranensis	15.7029284319342
Lepilemur_dorsalis	15.0291509118132
Lepilemur_edwardsi	9.8146745555269
Lepilemur_mustelinus	9.33560631210802
Lepilemur_ruficaudatus	6.09424836208285
Leptodeira_annulata	5.1597233933681
Leptodeira_septentrionalis	5.35619477088369
Leptonychotes_weddellii	4.51472604397252
Lepus_brachyurus	5.27389559989216
Lepus_californicus	3.18078132840507
Lepus_capensis	3.77133991048592
Lepus_europaeus	4.46433074832746
Lepus_mandshuricus	4.71212879582931
Lepus_oiostolus	3.58570693573676
Lepus_sinensis	8.79366998358127
Lepus_timidus	4.59121591735629
Lepus_tolai	2.11510532455575
Lepus_yarkandensis	3.50776323117895
Lethenteron_camtschaticum	8.20375903932922
Lethrinus_olivaceus	0.758301826042526
Leucosticte_arctoa	9.91676690355752
Leucosticte_brandti	12.6050055894665
Leucosticte_tephrocotis	5.05752679935668
Lissemys_punctata	5.97411357663793
Lissotriton_italicus	7.002443477981
Lissotriton_vulgaris	6.84890213637709
Locustella_certhiola	7.52562299175747
Locustella_ochotensis	19.8909312769677
Lontra_longicaudis	26.7331200353829
Lophius_piscatorius	6.83380411187548
Lophognathus_gilberti	10.4318386349001
Lophostoma_silvicolum	5.91890030515066
Lophura_nycthemera	2.07987457768909
Loris_tardigradus	13.0076385487736
Loxigilla_violacea	5.49239095178532
Loxodonta_africana	8.62108445460272
Loxodonta_cyclotis	7.24866137397025
Luscinia_cyanura	0.732406307561581
Luscinia_rufilata	3.35579261655853
Lutjanus_argentimaculatus	7.15355912452454
Lutra_lutra	12.4368611300769
Lutrogale_perspicillata	4.15497566178603
Lynx_pardinus	7.43226892734093
Macaca_fascicularis	7.48650298831925
Macaca_nemestrina	7.6512071679241
Malaclemys_terrapin	4.38995614699295
Malurus_leucopterus	0.403539892011241
Mammuthus_primigenius	4.76333138958593
Mammuthus_sp	4.30616430808118
Mantidactylus_femoralis	10.1161115108014
Mantidactylus_majori	11.1300793791154
Marmosa_robinsoni	2.74986780744772
Marmosops_caucae	2.54566879325122
Marmosops_noctivagus	1.21918070621264
Martes_americana	9.57443062077458
Martes_melampus	5.07780671340173
Martes_zibellina	5.8037567499267
Mastacembelus_brichardi	3.33362163885096
Mastacembelus_congicus	2.31412155001316
Mastomys_sp	6.77703605249442
Mauremys_caspica	6.5230152862579
Mauremys_japonica	17.3712655290393
Mauremys_mutica	4.48875839210922
Mauremys_reevesii	13.5152499658877
Mauremys_rivulata	10.2109401381564
Megaloglossus_woermanni	8.53203356242563
Melanogrammus_aeglefinus	10.4827079368517
Melanosuchus_niger	9.50779041707355
Melanotaenia_goldiei	3.0700216592415
Melanotaenia_splendida	4.32552750038784
Meles_meles	5.38458733360685
Meriones_libycus	9.85878742640368
Meriones_meridianus	2.35352584296704
Meriones_tamariscinus	1.82023459212991
Merlangius_merlangus	7.77469103953151
Mesoplodon_densirostris	4.36998743983442
Mesoplodon_europaeus	17.7672273543633
Metallura_tyrianthina	3.85730429872677
Microcebus_griseorufus	7.54010928025997
Microcebus_lehilahytsara	2.20405379224232
Microcebus_mittermeieri	8.60412117934704
Microcebus_murinus	4.56919157155397
Microcebus_myoxinus	9.10218012294241
Microcebus_rufus	4.2254795579082
Microcebus_simmonsi	1.868911922986
Microcerculus_marginatus	2.80109051827885
Micromesistius_poutassou	3.27239554318257
Micromys_minutus	5.21646007753048
Micronycteris_megalotis	3.58401243615983
Microphysogobio_alticorpus	2.99215194317003
Microphysogobio_brevirostris	3.17616038455567
Micropteropus_pusillus	3.64669170587814
Micropterus_coosae	7.73911857021312
Micropterus_dolomieu	10.4610960056802
Micropterus_floridanus	9.13890671463333
Micropterus_henshalli	6.46998773241695
Micropterus_punctulatus	11.9992699367446
Micropterus_salmoides	16.4946918504419
Microtus_agrestis	3.86959768542169
Microtus_arvalis	2.52794267551244
Microtus_limnophilus	8.96715512485733
Microtus_longicaudus	2.22662699640403
Microtus_lusitanicus	2.21418532379306
Microtus_miurus	2.08403954743723
Microtus_obscurus	2.7412302649649
Microtus_subterraneus	2.31033076096911
Miniopterus_schreibersii	5.85339920277179
Mionectes_oleagineus	7.66018527994397
Misgurnus_anguillicaudatus	3.3052891121919
Misgurnus_nikolskyi	2.42466693465736
Mogera_imaizumii	1.00713251522378
Mogera_robusta	18.836301734733
Mogera_wogura	4.30760035506094
Mogurnda_adspersa	5.55070906986487
Monodelphis_americana	1.96095191596154
Monodelphis_arlindoi	5.65105233620479
Monodelphis_domestica	3.76906302744144
Monodelphis_glirina	3.34260901864364
Monodelphis_touan	4.34021341901201
Monopterus_albus	2.56060516391036
Montivipera_xanthina	5.43485754546708
Morelia_spilota	3.94691358779999
Motacilla_alba	7.45310172208779
Motacilla_flava	2.01620107228352
Moxostoma_austrinum	2.06665351561429
Moxostoma_congestum	1.86115638636323
Moxostoma_erythrurum	11.1787913658145
Mugil_cephalus	1.79098834017189
Mulloidichthys_dentatus	0.845252407805022
Mulloidichthys_flavolineatus	0.563539027409339
Mulloidichthys_martinicus	15.2819369438644
Mulloidichthys_vanicolensis	20.4996543018538
Mungotictis_decemlineata	6.17841039578138
Muntiacus_sp	3.09464351859515
Mus_caroli	1.95315373763375
Mus_minutoides	3.09613730099959
Mus_musculus	6.34936407068032
Mus_musculus_castaneus	6.91929341245139
Mus_musculus_domesticus	5.96569853139678
Mus_musculus_molossinus	5.3403865311532
Mus_musculus_musculus	6.94867745186463
Muscicapa_striata	4.23827333601486
Mustela_erminea	7.11912560396566
Mustela_frenata	7.40725916078166
Mustela_nivalis	4.51035211844333
Mustela_sibirica	6.01545890717101
Myiarchus_swainsoni	6.43846038094742
Myioborus_miniatus	3.15858965334266
Myodes_glareolus	5.40909414939153
Myodes_rufocanus	0.264569529025917
Myodes_rutilus	4.17747738689731
Myonycteris_torquata	0.372996712779832
Myotis_albescens	4.78130770908653
Myotis_aurascens	4.04340917241335
Myotis_brandtii	11.3918566277376
Myotis_davidii	5.67247413207894
Myotis_ikonnikovi	2.20680334970794
Myotis_lucifugus	3.39319273189696
Myotis_macrodactylus	3.25261533416098
Myotis_myotis	3.03906485285001
Myotis_mystacinus	5.41988748470302
Myotis_nattereri	7.49589956738636
Myotis_sp	3.19778263996284
Myotis_velifer	4.42363303042905
Myripristis_berndti	0
Mystacina_tuberculata	5.14239008368999
Myxocyprinus_asiaticus	1.49905878292172
Naja_atra	6.81891232793313
Nannoperca_australis	6.1256765518005
Nannoperca_obscura	11.172962499874
Nannospalax_ehrenbergi	5.12685613453108
Nannospalax_judaei	6.86034635410806
Nannospalax_leucodon	12.6071048059762
Nannospalax_nehringi	4.52351080321549
Nanonycteris_veldkampii	3.28237107246253
Nanorana_parkeri	2.38136458649624
Nanorana_quadranus	1.9120960713713
Nanorana_sichuanensis	3.31865620253598
Nanorana_taihangnica	1.87923710372425
Napaeozapus_insignis	7.12180123436646
Natrix_maura	2.4260646458915
Natrix_natrix	2.75195067025741
Natrix_tessellata	7.19962766356775
Neodon_irene	3.53512525430257
Neogobius_fluviatilis	3.30387066724093
Neogobius_pallasi	6.24658152411413
Neolissochilus_hexagonolepis	7.94770491679816
Neomys_fodiens	1.47078582234789
Neopagetopsis_ionah	10.3234722808719
Neophocaena_phocaenoides	5.65168203727448
Neosalanx_taihuensis	14.447114377892
Neotoma_albigula	6.24839294851999
Neotrygon_kuhlii	5.85772859697843
Nerodia_sipedon	17.6505251478261
Nesillas_typica	1.81750084553896
Nipponocypris_temminckii	7.9444568315357
Niviventer_andersoni	8.87223324020524
Niviventer_bukit	11.8337878890444
Niviventer_confucianus	1.93662767856972
Niviventer_excelsior	4.73417619457045
Niviventer_fulvescens	3.34139970731468
Niviventer_sp	1.48748992308925
Nocomis_biguttatus	0
Noctilio_albiventris	0.912389113096821
Noctilio_leporinus	4.97684535393736
Nomascus_gabriellae	8.88167316047076
Nomascus_leucogenys	10.6020114024686
Nomascus_siki	6.92822806703255
Notopterus_notopterus	11.9190231929826
Noturus_albater	0.963436547438207
Noturus_exilis	6.27126053394106
Noturus_hildebrandi	6.90165667083575
Noturus_miurus	5.11602587580593
Noturus_phaeus	3.1589060136434
Nyctalus_noctula	3.16552316582328
Nyctereutes_procyonoides	8.58832837810794
Nycticebus_bengalensis	9.88033148674218
Nycticebus_pygmaeus	7.43051383581482
Ochotona_collaris	8.43561874849534
Ochotona_curzoniae	6.92752989154448
Ochotona_hyperborea	2.33283252407091
Ochotona_princeps	2.99207987863389
Ochotona_rufescens	4.35254365627205
Ochotona_sp	1.8286109662489
Ochotona_thibetana	3.63137761819633
Odocoileus_virginianus	2.86025024872282
Odorrana_graminea	6.65442204544021
Odorrana_morafkai	3.30660988186775
Odorrana_schmackeri	7.18371354100316
Oncorhynchus_keta	18.4620152038799
Oncorhynchus_kisutch	14.4993567150132
Oncorhynchus_masou_ishikawae	6.65237787299451
Oncorhynchus_mykiss	17.7735955770232
Oncorhynchus_nerka	3.58013600300686
Onychodactylus_fischeri	4.90493581061526
Onychodactylus_koreanus	7.88422907345633
Oplurus_cuvieri	2.71652693723783
Opsariichthys_bidens	0.576576282924626
Opsariichthys_hainanensis	3.19426655609022
Opsariichthys_uncirostris	0.748521291909721
Orcinus_orca	8.65154818648915
Oreochromis_niloticus	3.88710508734072
Orestias_agassizii	3.4968434199544
Ornithorhynchus_anatinus	7.9052674401882
Orthotomus_sericeus	2.00310599395119
Oryzias_latipes	4.27002177950408
Oryzomys_texensis	0.902753754221047
Osmerus_mordax	1.47097655710852
Osteocephalus_buckleyi	2.0211543546198
Osteocephalus_taurinus	4.44059780092767
Osteochilus_salsburyi	6.33928021226652
Osteoglossum_bicirrhosum	5.12028338650418
Otonycteris_hemprichii	8.07872940491923
Otus_elegans	4.75733605307605
Ovis_ammon	5.85381500885412
Ovis_aries	6.06075230660176
Ovis_canadensis	15.9604871825895
Ovis_orientalis	2.6665239300025
Ovis_vignei	10.5784332203215
Oxyeleotris_lineolata	11.3347533727418
Oxyeleotris_selheimi	13.2010694921565
Pachycephala_graeffii	4.5823731059215
Pachycephala_macrorhyncha	6.38376371061759
Pachycephala_philippinensis	6.78640608525848
Pachytriton_archospotus	7.5806805824803
Pachytriton_brevipes	8.03201610761602
Pachytriton_feii	10.6209874013089
Pachytriton_granulosus	7.40610338058065
Pachytriton_labiatus	6.45566734203901
Pachytriton_xanthospilos	12.8113085736148
Pagellus_acarne	13.199585442676
Pagetopsis_macropterus	17.8883296617489
Pagothenia_borchgrevinki	5.5837516553368
Paguma_larvata	4.23639723349593
Pampus_argenteus	4.77457875197836
Pan_paniscus	7.12215619502569
Pan_troglodytes	6.38895358729804
Pandion_haliaetus	5.95275284526764
Pangasius_pangasius	14.8408363074644
Panthera_leo	10.1015959520142
Panthera_pardus	7.49025719979745
Panthera_tigris	9.06414085502246
Pantodon_buchholzi	15.1604721337072
Papio_anubis	10.78393451429
Papio_cynocephalus	11.8467402247125
Papio_hamadryas	5.50869110413421
Papio_ursinus	7.50118197903939
Parabramis_pekinensis	6.0971285629088
Paradoxornis_webbianus	2.73088540447483
Paradoxurus_hermaphroditus	4.71024285025321
Paralichthys_olivaceus	4.11840611443978
Paramisgurnus_dabryanus	9.68644279274603
Pararasbora_moltrechti	22.6317374994782
Parus_major	5.55787141321408
Parus_monticolus	5.47907936403215
Parvoscincus_jimmymcguirei	3.06340605029441
Passer_domesticus	18.5097271724896
Passer_hispaniolensis	4.63861907249556
Passer_italiae	36.9144980648502
Pecari_tajacu	3.40616349249194
Pelodiscus_sinensis	5.10521441308316
Pelophylax_nigromaculatus	2.04017967147964
Perca_flavescens	13.2681712482442
Perccottus_glenii	0.849105465899045
Percina_burtoni	0.753095654280217
Percina_evides	4.56304371828928
Percina_phoxocephala	5.22522243717924
Percina_rex	3.1663382432958
Percina_uranidea	3.00090358266994
Percina_vigil	1.35724086047843
Periparus_elegans	6.08995600133056
Perisoreus_canadensis	2.76886515378972
Peromyscus_furvus	5.42034506997841
Peromyscus_guatemalensis	2.76807004059214
Peromyscus_keeni	6.0285220671722
Peromyscus_maniculatus	4.73993238081562
Peromyscus_melanophrys	3.96123482893756
Peromyscus_mexicanus	2.56885060071308
Peromyscus_pectoralis	1.9216527515674
Peromyscus_perfulvus	7.23238697152959
Peromyscus_polionotus	4.24760002922594
Peromyscus_sp	11.4725009601058
Peromyscus_truei	3.39383937694559
Petaurista_leucogenys	3.24249356950798
Petroica_boodang	6.5140052455074
Phaethornis_striigularis	11.6568133674133
Phasianus_colchicus	8.42476595164855
Pheugopedius_coraya	4.97101498997027
Philypnodon_grandiceps	1.96750565231332
Phoca_groenlandica	4.92363852727114
Phoca_largha	12.4530610014318
Phoca_vitulina	19.6646294043991
Phodopus_campbelli	4.30607711157825
Phodopus_roborovskii	11.5731958388207
Phodopus_sungorus	8.05800787422394
Phoenicolacerta_laevis	6.17537062624405
Phoxinus_phoxinus	7.30242277141027
Phrynocephalus_helioscopus	9.33610849104377
Phrynocephalus_mystaceus	4.96015414829324
Phrynocephalus_przewalskii	5.45306592579838
Phrynocephalus_versicolor	7.94947676943543
Phylloscopus_cebuensis	0.182048485490599
Phylloscopus_trivirgatus	7.49225517852739
Phyllotis_xanthopygus	1.91061225206454
Physeter_catodon	11.3484824210819
Piaya_cayana	1.32084858845107
Pica_pica	7.8486266090904
Picoides_pubescens	19.9254274057914
Pimelodella_chagresi	3.5969071138725
Pimephales_notatus	3.66275141079154
Pinicola_enucleator	1.5238378180807
Pionus_menstruus	8.05320361046281
Pipistrellus_abramus	4.5544133805285
Pipistrellus_hesperidus	4.74010034692668
Pituophis_deppei	11.625630022796
Pituophis_lineaticollis	15.6705591659241
Plagiodontia_aedium	5.24675894657316
Plagioscion_squamosissimus	5.37612164370391
Platypharodon_extremus	0.298693196351471
Plecotus_auritus	7.18128904626822
Plecotus_macrobullaris	6.44899780529943
Plectrophenax_nivalis	7.97890774943098
Plestiodon_brevirostris	7.17331973277869
Plestiodon_stimpsonii	7.37306218290967
Plethodon_cinereus	16.2486614701201
Plethodon_elongatus	9.42255173645848
Plethodon_metcalfi	12.0821182936674
Plethodon_stormi	6.39498921954252
Pleurodeles_waltl	9.35369101340236
Podarcis_muralis	6.09978400290679
Poecile_montanus	4.53111047341376
Poecile_palustris	3.19917024459505
Poecile_varius	11.7093965205644
Poecilia_butleri	2.73896678873449
Poecilia_gillii	5.27284460063324
Poecilia_mexicana	7.16365492558442
Poecilia_reticulata	6.02669737323977
Poecilia_sphenops	6.75843792040305
Poeciliopsis_monacha	14.3621843099703
Poeciliopsis_turrubarensis	0.21600594430035
Polychrus_marmoratus	11.2097607608114
Polypterus_endlicherii	4.77169112632186
Pomatorhinus_horsfieldii	2.6213364745215
Pomatorhinus_musicus	12.0095926132774
Pomatorhinus_ruficollis	5.23024114805599
Pongo_abelii	14.9178141099873
Poropuntius_bolovenensis	6.12364114066002
Poropuntius_normani	4.52080151763797
Potorous_tridactylus	3.88895868167444
Presbytis_melalophos	9.25621140457105
Prionace_glauca	5.96608753008472
Prionailurus_bengalensis	3.67233628445098
Prionailurus_viverrinus	12.2815550991663
Prochilodus_lineatus	9.77455160304962
Prochilodus_nigricans	5.08356386476508
Procyon_lotor	4.79888768436333
Procypris_rabaudi	13.5087733791445
Proechimys_cuvieri	4.35148990700734
Propithecus_diadema	3.57352290505315
Propithecus_verreauxi	3.00332838958712
Proterorhinus_marmoratus	4.84883879958145
Proterorhinus_semilunaris	13.6717018849801
Protobothrops_flavoviridis	6.28431039460925
Protobothrops_jerdonii	4.83531931357768
Prunella_modularis	4.09884306007577
Pseudogobio_esocinus	1.78689850039938
Pseudogobio_vaillanti	4.0769673044309
Pseudois_nayaur	9.06880263226642
Pseudopungtungia_nigra	2.87640095535209
Pseudopungtungia_tenuicorpus	0.271268482963112
Pseudorasbora_parva	2.76114986063172
Pseudoxiphophorus_bimaculatus	9.68237866019391
Pseudoxiphophorus_jonesii	5.21581090235451
Pteromys_volans	2.69781313198411
Pteronotropis_hypselopterus	8.92814418789995
Pteronotropis_signipinnis	4.68754202474571
Pteronotus_davyi	7.96088215867365
Pteronotus_gymnonotus	7.50855019796268
Pteronotus_parnellii	5.02822386733074
Pteronotus_personatus	4.56599584224431
Pteronotus_quadridens	4.29932488743417
Pteronotus_rubiginosus	11.5337530466809
Pteronotus_sp	12.6688698026315
Pteropus_seychellensis	8.08521638032443
Ptychocheilus_umpquae	7.89836236745547
Pungitius_kaibarae	2.97265077557511
Pungitius_laevis	5.37278449106684
Pungitius_pungitius	2.57751339109458
Pungitius_sinensis	3.8205785421057
Pungitius_tymensis	2.93863916111308
Puntius_semifasciolatus	10.485695067028
Pycnonotus_goiavier	2.42917264429119
Pycnonotus_jocosus	4.5298832061203
Pycnonotus_sinensis	4.49037457142385
Pycnonotus_urostictus	2.06453650447963
Pygoscelis_adeliae	7.42887764860653
Pyrocephalus_rubinus	3.00870427180376
Quiscalus_mexicanus	2.1840440004969
Rachycentron_canadum	9.25684681377373
Rana_catesbeiana	8.70087051326574
Rana_yavapaiensis	9.47566293952033
Rangifer_tarandus	2.11585364594917
Rastrelliger_faughni	0.711710982949169
Rastrelliger_kanagurta	10.2544275647414
Rattus_exulans	3.15309073354581
Rattus_rattus	17.0815074918744
Rattus_tanezumi	3.39241445844633
Regulus_regulus	8.56206183662484
Reithrodontomys_fulvescens	4.32859807839012
Reithrodontomys_mexicanus	2.92268125310844
Reithrodontomys_sumichrasti	1.58304432226642
Relictus_solitarius	3.40005623457977
Rhabdophis_tigrinus	8.0901902862867
Rhacodactylus_auriculatus	17.8926659803581
Rhinichthys_osculus	1.08268508494923
Rhinogobius_brunneus	4.53491764207998
Rhinogobius_giurinus	4.31738364499203
Rhinogobius_nagoyae	2.02030678872459
Rhinogobius_rubromaculatus	4.4602542958821
Rhinolophus_affinis	11.339817881888
Rhinolophus_arcuatus	4.20620357934742
Rhinolophus_clivosus	1.2906955776209
Rhinolophus_cornutus	8.39449224390517
Rhinolophus_macrotis	3.19670302580903
Rhinolophus_pearsonii	3.07258165524247
Rhinolophus_pusillus	6.81105152006518
Rhinolophus_rouxii	9.40788202744636
Rhipidura_cyaniceps	9.91642195950928
Rhipidura_superciliaris	2.44781283899648
Rhodeus_amarus	3.18896619856488
Rhodeus_atremius	6.10394512086898
Rhodeus_notatus	2.37314005928728
Rhodeus_ocellatus	2.46004395122291
Rhopocichla_atriceps	1.13013077230714
Richardsonius_balteatus	1.58090419652442
Richardsonius_egregius	0.606820707648121
Riparia_riparia	2.50455802211596
Rodentia_sp	3.12781786128683
Rousettus_aegyptiacus	4.0626743222352
Rousettus_leschenaultii	1.89035889608274
Rousettus_madagascariensis	3.06645218997996
Rutilus_frisii	5.22955730530306
Ruvettus_pretiosus	0
Sabanejewia_balcanica	1.47625834712922
Sacalia_quadriocellata	5.57827489952339
Saimiri_boliviensis	8.26650576704271
Saimiri_sciureus	5.91364112628066
Salamandra_salamandra	6.22630198749126
Salamandrella_keyserlingii	6.53732761406116
Salangichthys_microdon	1.49358625024883
Salanx_ariakensis	2.64742637765113
Salmo_salar	4.62876232925058
Salmo_trutta	6.96265093600307
Saltator_maximus	8.23181180281999
Salvelinus_malma	3.9973400490214
Sander_vitreus	11.1582826943661
Sapajus_apella	10.1898891712938
Sarcocheilichthys_nigripinnis	3.04613049089909
Sarcocheilichthys_sinensis	3.7994933703272
Satanoperca_jurupari	3.79119173755941
Saxicola_torquata	3.13601470476743
Scarus_ghobban	2.59083349452854
Scarus_rubroviolaceus	4.64037290433137
Sceloporus_aeneus	3.61693551632337
Sceloporus_bicanthalis	3.6508536413158
Sceloporus_cowlesi	4.36102903717185
Sceloporus_graciosus	4.90805897705931
Sceloporus_occidentalis	4.04578677313233
Sceloporus_scalaris	4.44921056853336
Sceloporus_slevini	4.86568547403105
Sceloporus_tristichus	4.61802126029642
Sceloporus_undulatus	5.38716514070944
Schismatogobius_ampluvinculus	4.81907938220343
Schizopygopsis_pylzovi	2.7025299627875
Schizopygopsis_stoliczkai	2.14901902317813
Schizopygopsis_thermalis	0.944648569664229
Schizopygopsis_younghusbandi	1.17449770602332
Schizothorax_oconnori	0.862882893652674
Schizothorax_plagiostomus	4.23555677867355
Schizothorax_prenanti	6.38285883806562
Schizothorax_richardsonii	12.7244350936914
Schizothorax_waltoni	2.25039644849189
Scincella_lateralis	4.1026629302537
Sciurus_lis	2.472661663973
Sciurus_vulgaris	2.11199536419504
Scleropages_formosus	9.26965529273985
Scomber_australasicus	1.95491339636831
Scomber_colias	0.848051925802109
Scomber_japonicus	1.8169191027915
Scomber_scombrus	0
Scomberomorus_semifasciatus	10.4897256931232
Scombrops_boops	0
Scombrops_gilberti	0
Scophthalmus_rhombus	8.0757740157599
Sebastiscus_marmoratus	1.86675132083177
Seiurus_aurocapilla	3.89351280928908
Semnopithecus_entellus	8.698049594461
Seriola_dumerili	4.76588575329798
Serranochromis_macrocephalus	7.98658291199744
Setophaga_petechia	8.55165827430493
Shinisaurus_crocodilurus	11.3731391265725
Sicydium_buscki	2.93313032333633
Sicydium_punctatum	1.22116648904412
Siganus_argenteus	9.03252855847222
Siganus_canaliculatus	4.1788900049145
Siganus_fuscescens	3.35366113496509
Siganus_puellus	8.45333796612403
Siganus_unimaculatus	4.52251325170964
Siganus_virgatus	2.22573001458136
Siganus_vulpinus	7.62792700483085
Silurus_asotus	6.22963159311918
Siniperca_chuatsi	8.10883528470892
Siniperca_scherzeri	4.24799497218982
Siphateles_bicolor	5.38392985687081
Sistrurus_catenatus	8.48668954661136
Sitta_carolinensis	7.50424618874258
Snyderichthys_copei	3.84527388582945
Solea_senegalensis	18.230340296898
Solea_solea	7.45553756810437
Sorex_araneus	1.40831739126429
Sorex_asper	1.82758601878421
Sorex_caecutiens	4.12522522185825
Sorex_cinereus	1.83426141627393
Sorex_cylindricauda	4.44552223207481
Sorex_minutissimus	0.621743328050535
Sorex_monticolus	2.29036688333907
Sorex_palustris	3.6524192384711
Sorex_tundrensis	0.759556528728431
Sorex_ugyunak	3.21867538866674
Sorex_unguiculatus	0.824347619609548
Sphenodon_punctatus	4.44518554911868
Spinibarbus_caldwelli	13.3048594489069
Squalidus_argentatus	4.52005617207847
Squalidus_chankaensis	1.79381598215554
Squalius_pyrenaicus	2.97008067920241
Steatomys_sp	11.6766369173127
Stenella_attenuata	3.2637956708998
Stenella_coeruleoalba	1.14703496724721
Stenella_longirostris	3.41918560968848
Stigmochelys_pardalis	7.3137431137891
Sturnella_magna	2.53684155419282
Sturnira_lilium	3.61472844730448
Sturnira_parvidens	1.3378384465961
Sturnira_tildae	6.29042321518762
Sturnus_vulgaris	5.45277813694672
Suncus_murinus	9.18909465553864
Sus_barbatus	11.3502418280244
Sus_scrofa	11.9331906878475
Sus_scrofa_domesticus	10.8720643669396
Sylvia_atricapilla	3.94454046466161
Sylviparus_modestus	0.988193113150765
Symphalangus_syndactylus	6.73386593563196
Symphysodon_aequifasciata	6.75303804566242
Tachycineta_bicolor	5.84370791384395
Takydromus_amurensis	7.42859974012481
Takydromus_septentrionalis	6.60699963800147
Talpa_europaea	3.86138239270476
Talpa_romana	10.3228044514172
Tamias_dorsalis	2.12524327304232
Tamias_minimus	3.5291655703391
Tamias_quadrivittatus	6.70510240377461
Tamias_senex	6.10087544424406
Tamias_sibiricus	2.42669078481432
Tamiops_maritimus	3.21642646490316
Tanakia_himantegus	12.1023557807458
Tanakia_koreensis	6.50511690737503
Tanakia_lanceolata	4.15312704609858
Tanakia_latimarginata	3.92177931495577
Tanakia_limbata	2.66711789954603
Tanichthys_albonubes	7.43250159256058
Tarentola_mauritanica	7.25192503585165
Tarsius_dentatus	8.87631338824258
Tarsius_lariang	15.337265202042
Telescopus_fallax	3.28724013266858
Telestes_muticellus	5.09489008799023
Telestes_pleurobipunctatus	6.68026978029477
Telestes_souffia	2.88327928327121
Tenualosa_ilisha	1.85551050100118
Terapon_jarbua	3.77853246244729
Terpsiphone_paradisi	4.21780708779088
Terpsiphone_viridis	2.38394925095936
Terrapene_carolina	5.05609308845116
Terrapene_mexicana	17.1064559818118
Testudo_graeca	5.4728739395628
Testudo_horsfieldii	6.10624447233796
Tetrapturus_georgii	3.46833910177266
Thamnophis_rufipunctatus	6.92753748034395
Thamnophis_validus	5.34352639345997
Thermophis_baileyi	4.83559214190527
Thoropa_miliaris	8.43478243111305
Thrichomys_laurenteus	14.8159578705293
Thryothorus_nigricapillus	5.4908358996267
Thunnus_alalunga	0
Thunnus_albacares	0
Thunnus_maccoyii	17.7979166499038
Thunnus_obesus	0.967485383011696
Thunnus_orientalis	9.02330323949257
Thunnus_thynnus	0.950062211770428
Thylacinus_cynocephalus	4.15816546951231
Thylamys_elegans	1.84003118916585
Thylamys_pallidior	3.67688537496625
Thylamys_pusillus	1.21866938465359
Thylamys_sponsorius	8.54721256338674
Thylamys_venustus	4.17313659154487
Thymallus_arcticus	2.15615372677886
Thymallus_grubii	1.18733119294376
Tinca_tinca	4.52118613435289
Todiramphus_chloris	6.67993611246307
Tor_putitora	26.0134563258737
Trachemys_scripta	6.33095772260935
Trachidermus_fasciatus	3.21523953090919
Trachurus_declivis	1.19373651344337
Trachurus_novaezelandiae	5.28021471285128
Trachurus_trachurus	5.47106062276494
Trachypithecus_phayrei	3.64949894341783
Trematomus_bernacchii	9.47938514404637
Trematomus_nicolai	14.0161045232504
Tribolodon_hakonensis	1.89762449801772
Trichiurus_japonicus	0.508390058037129
Trichiurus_lepturus_nanhaiensis	2.29437786718732
Trichomycterus_areolatus	3.73959374592094
Trimeresurus_albolabris	8.28614466180908
Trimeresurus_gumprechti	0.301804465051418
Triplophysa_bleekeri	1.86610925829894
Triplophysa_stenura	3.72551704024275
Trisopterus_minutus	3.78733469744358
Triturus_dobrogicus	8.76917119269468
Triturus_karelinii	7.43239946004837
Troglodytes_aedon	4.24237149025556
Trogon_collaris	7.31243966158722
Trogon_rufus	3.65422116896713
Trogon_violaceus	10.2544150977789
Trogon_viridis	6.30270576203394
Tropheus_moorii	3.3065569144236
Tupaia_belangeri	7.91139233583546
Turdus_ignobilis	6.54106836884713
Turdus_merula	7.18915690317634
Turdus_philomelos	6.84587934969643
Turdus_poliocephalus	5.10116651524209
Turdus_rufopalliatus	1.50088620589214
Tursiops_aduncus	2.60259333444313
Tursiops_truncatus	6.25612898308883
Tylototriton_wenxianensis	6.86460852415675
Tympanocryptis_cephalus	9.8548881563847
Tympanocryptis_tetraporophora	8.23603978635038
Typhlichthys_subterraneus	6.90361083308515
Urocyon_cinereoargenteus	5.75814719623913
Urosaurus_nigricaudus	7.24443218595157
Urotrichus_talpoides	2.59173694277354
Ursus_americanus	11.2544105959603
Ursus_arctos	5.88455356626113
Ursus_maritimus	10.2649036886635
Ursus_spelaeus	9.27784901358817
Ursus_thibetanus	4.20081073221525
Uta_stansburiana	2.69947598841582
Varanus_cumingi	5.69747327567154
Varanus_gouldii	6.08767332967485
Varanus_niloticus	7.93803632177471
Varanus_nuchalis	10.0887014278676
Varanus_salvator	8.07170410001615
Varecia_variegata	11.8455958234569
Vipera_berus	2.62682995939415
Vipera_lotievi	2.46565421481717
Vipera_renardi	5.050771976115
Vipera_ursinii	6.78930346112066
Vireo_altiloquus	2.10145888132406
Vireo_atricapilla	5.11037327589998
Vireo_bellii	3.59957787904992
Vireo_cassinii	0
Vireo_flavoviridis	8.72477281934228
Vireo_gilvus	4.62242543726819
Vireo_olivaceus	5.09930911921358
Vulpes_lagopus	3.95403656410964
Vulpes_vulpes	5.42684935089163
Xanthomixis_zosterops	1.54800186211561
Xantusia_arizonae	3.8677118469533
Xantusia_riversiana	7.07889828628323
Xantusia_vigilis	4.77133692803325
Xantusia_wigginsi	4.09896069888176
Xenophallus_umbratilis	6.6374911256064
Xerotyphlops_vermicularis	9.17284594149816
Xiphias_gladius	2.76086928626699
Zacco_platypus	2.87241612501457
Zamenis_longissimus	14.3931523548996
Zanclus_cornutus	6.27807331604364
Zapteryx_exasperata	18.8036112444389
Zapus_hudsonius	2.78532283701334
Zapus_princeps	5.44516689118872
Zapus_trinotatus	6.14966113694476
Zebrias_zebrinus	0.534115130351621
Ziphius_cavirostris	6.68022341382225
Zonosaurus_madagascariensis	3.69226561254603
Zootoca_vivipara	7.60297894344982
Zosterops_capensis	0.934707148147541
Zosterops_flavifrons	2.16539323591513
Zosterops_japonicus	3.86256575615459
Zosterops_lateralis	2.91839624924409
Zosterops_luteus	6.42971664987833
Zosterops_montanus	3.83072621404033
Zosterops_palpebrosus	3.81865808476666
Zosterops_senegalensis	7.87104663031
